fecha,turno,cabeza,n1,n2,n3,n4,n5,n6,n7,n8,n9,n10,n11,n12,n13,n14,n15,n16,n17,n18,n19,n20
14/09/2026,Vespertina,24,2024,1690,6810,4529,260,4834,5627,7822,501,9958,2319,2030,7786,4340,9687,7561,7578,8534,3938,7851
14/09/2026,Tarde,75,4975,4821,9501,9210,496,9821,3931,6216,5244,2530,2679,9482,7148,7065,9153,2439,6520,5296,4029,8445
14/09/2026,Nocturna,55,6855,2895,3636,9371,4616,8523,5667,8033,822,3874,400,540,8017,7073,4126,7625,5015,4556,3636,9088
12/09/2026,Vespertina,70,2470,5563,3555,8231,1793,6618,1585,8765,4747,5599,7011,2403,4039,4343,6158,8327,229,4652,2717,1615
12/09/2026,Tarde,34,8734,6800,4621,7993,3976,3871,417,706,4774,5912,7152,7284,2810,1532,7548,6025,9753,8199,6982,1481
12/09/2026,Nocturna,21,2021,8420,6261,5908,8470,124,3912,7512,8455,1678,8836,9736,7152,5538,6455,3706,278,9281,5312,1462
11/09/2026,Vespertina,4,4904,3058,5982,4797,537,938,3728,7912,8936,4234,3492,270,6141,2631,3926,441,9996,5081,3235,4239
11/09/2026,Tarde,51,2951,9535,9601,4426,7201,9775,7955,9570,4630,5602,142,7781,8289,693,6660,7513,6897,7318,2393,6721
11/09/2026,Nocturna,15,5415,3656,3608,4479,2336,1281,9993,3048,9105,5923,5520,8355,6885,6936,2347,1119,5213,3498,615,6763
10/09/2026,Vespertina,63,7463,1657,6338,9180,4175,5457,3264,8517,3484,1128,8188,9556,4018,8351,5424,8218,1569,284,737,9679
10/09/2026,Tarde,83,6983,2327,6832,5786,2491,3801,3883,3758,3573,7083,5650,3703,4134,9037,8241,669,7727,9555,1233,180
10/09/2026,Nocturna,41,6141,8219,9935,1115,9039,1134,2200,1939,2494,7271,5774,5336,9200,6787,1389,3053,6245,9324,5209,3555
09/09/2026,Vespertina,54,7554,7858,4777,8470,6828,9599,9145,1112,2675,7886,4458,257,7536,3414,1887,5064,703,1503,9688,6393
09/09/2026,Tarde,14,5714,4306,8792,2411,6945,645,7487,14,8741,5660,8609,5476,1470,2595,7799,5058,9306,3901,8831,7984
09/09/2026,Nocturna,13,8413,8686,2066,5591,9888,3227,8214,5091,503,546,800,6593,983,232,5524,8146,8728,8202,2958,5379
08/09/2026,Vespertina,99,1099,5055,4638,723,7533,2012,616,875,5698,3049,9894,7791,7816,7858,4589,7516,7894,196,4896,4504
08/09/2026,Tarde,94,294,9532,488,832,9487,566,3821,3357,3259,1578,2986,7990,2103,2033,7551,3361,1583,6200,652,1920
08/09/2026,Nocturna,71,1571,9069,1756,7874,2068,806,3280,2618,2681,3085,2138,9087,8282,7616,7386,8562,6356,2822,528,9246
07/09/2026,Vespertina,64,2164,3588,4368,7382,1305,8492,1403,3960,9034,9888,5189,4079,4606,8624,9497,6131,7087,8047,9753,5043
07/09/2026,Tarde,87,1387,1278,2246,1200,7044,5103,8642,4782,7757,5186,9548,6654,9854,204,3760,8573,8136,6192,6997,3790
07/09/2026,Nocturna,83,4883,6826,6251,8367,4574,6634,4945,7109,9475,5658,4624,9702,8592,6549,8265,1940,4348,7081,3905,1290
05/09/2026,Vespertina,58,5858,8376,2208,3289,1612,6958,6416,5063,7142,463,3563,9152,9652,9369,7338,3320,9086,5669,9511,1348
05/09/2026,Tarde,74,5274,1833,853,5038,8136,3316,6338,7225,5834,9422,8246,5758,5659,8098,1768,5490,2832,3749,8378,1653
05/09/2026,Nocturna,54,7254,3035,1441,9744,8435,1049,2041,1257,1717,6158,4858,5514,2378,452,3778,1654,2553,6459,7808,9622
04/09/2026,Vespertina,15,415,6551,5234,4717,6716,6866,9542,9225,12,5263,211,4688,52,3526,601,5200,8145,8698,427,4911
04/09/2026,Tarde,4,4604,251,8355,6798,472,899,8234,2500,3040,5598,1173,5089,8596,7774,6317,5913,1180,8877,8321,9318
04/09/2026,Nocturna,11,2211,4238,6026,2850,5538,7840,112,6421,6355,4230,4526,9176,2252,1626,1870,756,755,6046,3147,3544
03/09/2026,Vespertina,38,9538,7295,1671,530,8859,8914,1825,4823,2664,6982,9469,262,2357,2594,7162,5581,6154,7482,3601,5418
03/09/2026,Tarde,76,9976,7804,977,3418,2668,8641,6942,5506,9462,1083,1984,6985,6916,9651,7096,6833,8027,6327,199,4404
03/09/2026,Nocturna,73,1173,9267,885,6193,8577,2657,5380,2115,1939,4242,5332,1918,1352,8481,4873,6648,5327,9506,1394,2038
02/09/2026,Vespertina,96,8596,5321,8846,4137,1412,2490,3356,7525,9033,4369,7124,4477,9106,769,7963,3917,5257,7732,4013,6736
02/09/2026,Tarde,76,8676,4660,7342,3972,1282,88,3629,1609,4260,42,2892,5699,7708,1568,6217,7945,5479,6987,243,7194
02/09/2026,Nocturna,91,1991,4144,364,6511,6810,3464,3721,240,999,7438,3787,8757,128,1011,874,2683,6788,2936,7941,286
01/09/2026,Vespertina,2,4602,1636,5174,2862,1051,9448,1596,7909,1624,3330,7193,9629,1046,8726,5220,9342,7563,1311,9901,7895
01/09/2026,Tarde,39,8139,8670,2970,4217,5990,1871,4676,5558,683,5568,9733,1988,9095,3488,6690,3004,9398,1521,8065,5025
01/09/2026,Nocturna,92,392,3259,7669,1003,4146,2771,8245,8612,5298,9243,179,1189,9945,1311,2954,6227,8896,5570,9529,4966
31/08/2026,Vespertina,47,4547,2,47,3356,8884,3040,1119,7834,6020,6634,7634,9115,4227,6527,6897,1589,5884,1114,6432,9134
31/08/2026,Tarde,58,2258,5361,6230,9188,4043,4719,4782,9899,6609,922,7229,7480,5429,415,1168,323,8222,8756,2785,2479
31/08/2026,Nocturna,47,1547,8730,35,6826,8286,9415,7275,2745,1321,3072,5361,5453,3103,8218,4222,4646,3635,3186,5583,5491
29/08/2026,Vespertina,98,9498,9772,4381,291,6561,7727,9812,702,9509,8998,1155,4441,7995,1103,3090,4652,3928,4800,745,6114
29/08/2026,Tarde,30,8730,6021,4569,4509,4298,1317,55,4820,5319,7683,6893,2027,7810,7119,8398,5316,8751,7121,3616,1220
29/08/2026,Nocturna,58,1158,9921,8148,4005,9780,842,9858,8067,4001,8010,8498,7515,8625,125,572,8575,9592,696,3401,6418
28/08/2026,Vespertina,97,2097,9982,5189,7805,6864,346,7478,6928,3046,4217,9396,6013,9223,3637,5308,7691,3405,1909,279,9622
28/08/2026,Tarde,65,8665,1466,3089,2870,2329,1967,5408,6027,109,4386,5180,4217,8130,5514,7970,6968,668,2626,217,9957
28/08/2026,Nocturna,3,9603,2571,5724,60,2650,2526,4437,3111,5192,2918,5568,724,3815,444,1429,1818,3535,8550,2197,2342
27/08/2026,Vespertina,41,6441,3468,7911,64,3514,183,5592,5251,5592,6958,2640,4702,3913,8116,4512,197,1138,7305,259,6739
27/08/2026,Tarde,87,7487,230,6606,2572,5672,3422,1981,8703,204,1247,3715,6284,1589,4847,9806,7807,847,8643,7515,20
27/08/2026,Nocturna,66,3166,6523,9533,7968,9367,7852,4554,2793,2414,5717,7664,6974,884,1337,2914,5474,3826,8037,3130,2723
26/08/2026,Vespertina,46,1346,9994,7188,7142,8695,6146,7071,4273,9790,1432,2520,1408,4065,7870,7516,8798,5515,2857,7287,4619
26/08/2026,Tarde,45,1745,9976,1212,1580,4381,2408,7698,1946,2313,8281,9587,1291,2398,7670,8098,1913,554,7717,5740,8236
26/08/2026,Nocturna,2,4002,1992,6653,1822,2019,984,4810,5193,6741,8259,6943,2599,8960,8370,6863,8029,8949,4390,2228,145
25/08/2026,Vespertina,32,2832,9379,3130,2392,7723,7788,2973,7030,2667,1916,7310,6673,8230,1832,7622,5983,1599,5729,6099,4757
25/08/2026,Tarde,66,9966,4903,2322,8868,8996,1751,4658,2187,8016,8929,8785,777,7280,5205,7294,3581,1821,9761,2790,6607
25/08/2026,Nocturna,54,2554,1931,9450,6075,8205,8124,2481,8128,1437,1101,6492,3647,104,3420,9222,7454,3393,6541,9192,1053
24/08/2026,Vespertina,44,2144,5304,8076,3482,2218,4733,7015,3820,3982,1575,3892,259,9013,4993,1346,9102,8632,2603,8741,8233
24/08/2026,Tarde,59,1159,6717,190,1459,2428,8543,5106,9838,3303,1882,9708,6322,377,4383,7619,4698,6810,1423,9048,5557
24/08/2026,Nocturna,69,9869,2400,2297,3593,8412,6270,2256,5888,3371,4766,892,5263,2902,391,1000,3307,7651,8029,964,5427
22/08/2026,Vespertina,25,4525,1847,9197,1069,9459,5744,8331,7922,6284,7044,4115,9240,2992,8740,9101,3285,8532,2716,369,4089
22/08/2026,Tarde,79,9079,1505,9946,4868,4587,2372,2423,1354,9660,4228,9866,6392,5011,9997,3424,6201,7712,132,1909,2487
22/08/2026,Nocturna,6,606,7596,5466,8068,3970,6464,2165,685,1860,3998,5059,8952,6005,5377,310,8176,6936,7998,2501,9361
21/08/2026,Vespertina,83,3383,1936,1543,9912,3754,2331,313,5053,356,9527,1840,7601,5080,8027,8924,3912,5804,9849,8075,2913
21/08/2026,Tarde,90,990,6969,498,6989,8641,8844,9642,2341,9007,8281,1807,4774,7586,3828,6443,4042,5731,8770,7763,4686
21/08/2026,Nocturna,29,6529,1526,4925,5792,254,2903,4685,2347,6653,965,1925,1523,4506,3348,370,8468,2734,6057,83,8040
20/08/2026,Vespertina,56,6856,7860,6716,7521,718,5410,9973,9297,9825,1373,5520,8881,2214,5707,8763,4396,3647,7836,1728,2117
20/08/2026,Tarde,73,2773,2973,1427,2349,1945,2202,752,8756,1423,555,4062,8114,720,4813,2839,590,3181,4664,8506,7941
20/08/2026,Nocturna,49,1549,7215,3881,5696,4197,861,8116,8119,4298,1537,353,2770,4090,8287,6821,3412,8382,3495,7352,3465
19/08/2026,Vespertina,13,5113,2521,9115,9655,9750,5076,9351,5087,2156,196,5490,8505,6851,183,326,4161,4746,3955,5973,782
19/08/2026,Tarde,49,7049,6131,9798,4188,6179,9975,8839,9050,4323,2390,9549,7343,7645,2163,9415,7648,4169,7423,5800,2687
19/08/2026,Nocturna,97,2797,779,8760,734,5531,6358,1168,8762,3937,5438,5198,7892,3858,418,31,6520,3434,37,1723,8988
18/08/2026,Vespertina,93,493,1310,5598,4933,1055,2180,3546,1158,3230,5785,6242,9248,7181,868,5098,9702,547,1370,8153,7901
18/08/2026,Tarde,48,7448,7686,3801,4541,3092,6246,5883,253,9538,1574,7153,3069,5774,1357,3251,7103,7424,3212,2070,3655
18/08/2026,Nocturna,4,4204,8232,6468,5445,8452,3691,7433,3814,6185,6869,9915,4141,9770,7363,5016,9022,2502,3312,8826,2240
15/08/2026,Vespertina,37,5037,5815,2219,0995,7673,0904,7164,5934,1886,8718,5975,1595,2532,7913,1113,4354,2082,6274,6148,4358
15/08/2026,Tarde,55,3855,8600,9201,2806,0682,1531,9476,7133,4996,6734,7916,6399,3738,1226,6783,2221,2329,4534,5333,4449
15/08/2026,Nocturna,53,5653,8881,6818,8798,7108,9130,4009,5660,7928,5472,8965,4764,4189,1460,5537,6460,7610,1480,1904,0666
14/08/2026,Vespertina,59,6759,8370,4305,9656,5889,8444,5226,5793,2626,2331,0016,2188,6251,2909,9975,0218,3850,4482,2871,6270
14/08/2026,Tarde,85,3085,2176,0168,4385,6694,2172,4431,9317,0077,2660,6736,4214,4913,9433,6921,4350,7981,2245,2561,7186
14/08/2026,Nocturna,51,3751,8718,2830,9941,3290,4781,7502,8351,2990,8770,3417,2770,2213,2545,6120,7804,8562,0541,8458,8756
13/08/2026,Vespertina,32,2532,9605,9672,1963,2580,0087,7778,8956,2272,1315,4724,1227,2852,0769,4821,2360,0775,2281,8414,5659
13/08/2026,Tarde,63,4263,9823,9334,7020,9694,6925,9942,5006,0838,7600,2955,3933,8529,7534,9742,8643,2868,3491,9856,4714
13/08/2026,Nocturna,28,6728,5834,2190,3461,0073,2252,6113,8513,4964,8843,4068,8000,3327,9829,8068,7565,1209,7843,9480,8864
12/08/2026,Vespertina,14,1614,1102,4591,1476,0473,1235,0184,8943,0159,4518,7170,4222,1888,9288,4764,3080,5943,0020,1631,8807
12/08/2026,Tarde,91,3791,8770,2214,3223,5369,9395,4503,8762,2699,9904,3279,2917,0295,0930,1580,8577,5776,1921,2569,0912
12/08/2026,Nocturna,16,9116,8393,2518,4319,5840,1333,0744,4292,2909,5734,1240,9049,5379,9969,2002,3426,3331,1528,7142,0519
11/08/2026,Vespertina,33,8433,0050,5124,5788,1475,5525,9171,1453,6023,4652,4805,2719,8069,2541,2073,3581,4290,4722,2508,4421
11/08/2026,Tarde,98,5698,4580,4862,7665,7603,8679,6077,2299,0063,5410,7120,2383,1856,1582,2374,5681,6729,8568,0787,5517
11/08/2026,Nocturna,36,4836,6062,1699,2073,6693,5244,6068,1214,6679,2925,7176,8531,3355,5629,6992,7264,3387,0051,1801,5685
10/08/2026,Vespertina,47,2847,3933,4386,3302,2374,4014,8181,4187,4268,4189,4522,2730,5005,2182,1405,4464,8057,8317,4791,9737
10/08/2026,Tarde,46,3246,9824,3790,2997,4179,9374,5670,4589,0518,3967,9487,3178,0785,4385,1637,4975,9145,5769,8552,1539
10/08/2026,Nocturna,43,5543,0752,5470,0314,1370,0954,5485,1601,4814,5960,3551,6984,7729,0332,9313,6287,1519,5061,0093,6927
08/08/2026,Vespertina,48,4948,3303,2657,4321,0974,0591,4604,2473,2959,1543,6109,8881,0549,3354,3961,8416,6613,2367,5472,2471
08/08/2026,Tarde,14,8914,8533,0395,2789,5091,5901,4858,4528,1143,5154,5918,2822,5079,5220,6144,4214,4637,2086,0016,6334
08/08/2026,Nocturna,74,8374,2710,0400,3601,7306,2418,4713,5810,9477,2891,3808,2666,1030,7420,9412,8705,8808,1351,3575,0790
07/08/2026,Vespertina,79,3079,2502,3772,3544,7860,1310,2113,7849,5614,5718,4901,9590,7035,0068,1646,7232,4523,0783,0876,2193
07/08/2026,Tarde,22,3322,2116,5064,0250,8351,2284,8046,7934,3438,7713,1914,5971,4265,0054,1374,9106,4525,4509,7281,1959
07/08/2026,Nocturna,99,8299,5686,7315,0254,4138,1665,2837,5048,8640,4736,9798,3441,0707,6841,4126,4466,3499,1571,5271,7680
06/08/2026,Vespertina,51,2551,4080,2534,4069,4480,2438,5676,3599,8160,0699,7019,5673,4456,3699,4941,5295,6632,4508,6883,7878
06/08/2026,Tarde,51,7251,5493,4944,0802,6785,0916,3318,4754,3984,3057,0026,6355,5196,9744,1457,7100,5198,7141,1851,7836
06/08/2026,Nocturna,77,8977,2812,2808,7211,5307,1708,5684,3531,3188,5929,8438,4578,6459,3902,3135,6407,6132,6450,3367,8902
05/08/2026,Vespertina,18,2018,0909,1297,6041,7547,5336,2741,2927,6793,4790,8199,3690,5058,6330,1768,8094,5190,5358,1986,2764
05/08/2026,Tarde,66,4066,0475,6362,0820,3477,6942,5979,5180,7642,5988,8985,3527,5950,6517,1916,8295,2447,0645,7126,0063
05/08/2026,Nocturna,26,1726,6548,3679,6052,8858,6222,6845,8390,8427,7792,5529,7837,3517,0849,9398,6695,8422,4167,9908,1064
04/08/2026,Vespertina,74,5774,4808,7159,9608,4370,6955,3927,4727,6845,6393,4395,0558,0580,4384,0933,1290,4266,2932,6891,6010
04/08/2026,Tarde,15,7515,5174,1242,9806,4137,6559,2766,8471,8232,5501,4032,8940,3201,0093,0193,3856,3310,5003,1852,6515
04/08/2026,Nocturna,40,6440,2097,9771,4560,7855,2406,7682,9607,9592,3816,2972,8019,8062,9075,6719,6925,8453,1056,8577,7325
03/08/2026,Vespertina,93,8993,3578,9171,7188,5961,1792,9436,4345,2290,6052,6942,8802,1968,4466,3621,3647,9764,4581,9523,7582
03/08/2026,Tarde,46,1346,0771,6857,7872,7243,7708,9116,8321,9133,2460,4171,3162,8756,6043,6694,5915,9563,7339,3184,2374
03/08/2026,Nocturna,53,4153,9620,9884,1790,4646,1876,0119,6418,8677,5761,3922,1219,1225,4320,2354,9444,3187,7346,1302,3666
01/08/2026,Vespertina,60,3960,6830,4663,6745,3615,3776,0039,9870,5888,4510,7637,7894,0486,8207,3871,0559,5684,8015,9509,5834
01/08/2026,Tarde,45,4145,1253,3755,4990,8137,7321,6834,8937,5160,3609,1697,2141,1621,7858,1933,9598,5863,1592,7337,3770
01/08/2026,Nocturna,75,9675,9793,6004,6251,4035,2765,4023,4324,6623,7030,5935,5069,7794,8739,1945,1764,1917,4104,8143,7070
31/07/2026,Vespertina,66,7266,9277,4933,9534,6840,9024,5780,4754,9399,8865,6206,6143,2013,4694,3716,5888,5751,6751,5898,0898
31/07/2026,Tarde,68,2868,7346,5386,4089,9506,1695,9097,5023,7199,3518,9585,7077,3350,2850,8455,2272,1286,9979,2651,5386
31/07/2026,Nocturna,56,1656,4024,8513,3750,3701,3891,0844,2790,6907,4502,2953,7917,9455,1675,1167,3190,9004,5528,4979,0138
30/07/2026,Vespertina,76,0076,5965,0494,8863,9031,3946,7210,7447,4111,4100,1181,3399,6985,4876,1454,8756,5958,3274,9922,0245
30/07/2026,Tarde,22,3322,3570,3554,8080,9607,8131,3318,2995,7349,6267,5054,1531,0780,6255,3477,3355,8177,4723,6173,2256
30/07/2026,Nocturna,59,2459,7953,2213,1869,3917,5054,3399,6159,5748,8605,5116,7610,9205,1840,2255,4785,7135,3527,9963,2804
29/07/2026,Vespertina,30,7330,1915,6994,7956,4653,4765,3897,4839,5823,6766,7537,2624,1397,7704,4362,9611,9605,1423,1640,5459
29/07/2026,Tarde,62,7562,8560,7411,4292,3137,7691,9820,9823,2343,0413,5686,6053,9903,4222,0540,0443,4895,5735,8928,8066
29/07/2026,Nocturna,25,9325,7202,9329,6549,2376,3414,4326,8016,8352,8763,2138,7038,4006,3641,7589,4304,2759,7831,6514,3114
28/07/2026,Vespertina,52,9352,3254,3298,0831,7168,5761,9058,1352,8990,2134,0543,5442,5956,1626,9585,1711,2814,3551,3568,7943
28/07/2026,Tarde,45,6645,2200,5753,4600,4578,7311,3473,2428,9793,2352,0166,8020,3549,5805,2693,4826,3024,0225,5906,9155
28/07/2026,Nocturna,11,1611,0871,4875,3317,0799,1974,9634,2827,5800,1405,2317,4550,8352,1187,0567,8632,2380,0458,0799,1020
27/07/2026,Vespertina,21,4021,8022,4892,2420,3203,7138,6025,9287,1593,8934,9508,1343,9459,6992,2273,0053,3601,9994,3195,4137
27/07/2026,Tarde,10,9210,6576,7495,0613,1152,8820,8175,1938,7708,3801,5187,5392,0908,8473,6149,2114,2101,3189,3546,9861
27/07/2026,Nocturna,11,4011,2809,2435,5626,0377,7903,4699,2013,1657,8902,6479,9874,6463,6609,0554,9068,1425,7334,3347,5136
25/07/2026,Vespertina,10,0110,4722,5796,2954,6239,4796,2757,8641,5399,9665,0067,5314,5382,9038,7236,2033,6634,8052,3195,3527
25/07/2026,Tarde,87,4787,6465,9935,1845,6624,7800,3922,3510,9523,3873,1074,9832,2424,3479,9532,8914,7891,8107,0748,3137
25/07/2026,Nocturna,30,4530,2119,8489,0538,8807,5020,4653,6887,9374,3476,3222,0823,6535,4035,0094,4943,9209,6077,6852,4695
24/07/2026,Vespertina,62,6162,6872,7805,3306,7006,5197,4737,7110,1908,3599,0667,3837,2563,6234,3378,9223,5795,5732,8871,7833
24/07/2026,Tarde,12,9212,9940,9418,8899,7796,2299,3852,5415,0022,7380,6875,6831,5546,4714,9577,9507,5808,8116,0533,8316
24/07/2026,Nocturna,20,5520,5317,8560,1666,7971,4077,5098,0802,5407,1931,5888,4838,6789,0488,2898,8757,3659,8963,2665,1967
23/07/2026,Vespertina,90,6690,5178,1554,7118,7745,7630,8549,8263,4267,4995,5074,0650,8796,7063,2898,2499,8193,7798,2725,9986
23/07/2026,Tarde,21,3821,1054,5233,6250,0978,6929,2761,9768,8323,2261,2923,4009,6955,2912,2686,3354,4247,4372,8131,8024
23/07/2026,Nocturna,66,2966,6289,6684,9026,6230,6002,9047,4547,3172,3907,4787,6501,7489,9427,8061,4508,8103,1886,6469,5198
22/07/2026,Vespertina,25,7925,3724,6736,6076,1384,0791,0244,9991,1643,6668,2503,4475,9977,9515,8940,2137,6472,5285,7640,0457
22/07/2026,Tarde,31,1131,3516,0536,3284,5920,4835,3365,8725,0024,7490,9332,2099,6573,3072,2689,9485,9259,8754,8000,4789
22/07/2026,Nocturna,66,4866,7181,1739,9283,1867,9729,0823,5830,8665,5723,2597,0794,5398,7618,0353,4448,1278,8011,0436,7742
21/07/2026,Vespertina,73,8973,3404,4566,9942,2752,3925,2050,0728,4324,7520,7999,2862,2999,2919,5111,9784,0264,2652,2011,2566
21/07/2026,Tarde,79,1679,5180,8781,5379,5612,3603,2014,3569,8879,9863,7229,8670,8925,3669,8222,6575,5632,1633,3315,3152
21/07/2026,Nocturna,98,9398,1625,5558,8014,4334,1678,3016,1074,3628,6192,4608,9079,3964,4599,5330,2786,0510,8855,5079,0810
20/07/2026,Vespertina,48,3348,2456,4045,9293,3012,2095,8072,7827,6522,4437,7939,6540,4858,2728,5949,1089,1183,1503,4393,0908
20/07/2026,Tarde,62,7062,6478,5844,0008,8877,7994,6061,1148,0781,1659,6897,8257,5509,7901,7169,1843,5302,5691,6627,6654
20/07/2026,Nocturna,04,1804,1154,7788,0455,3570,4071,6024,0178,3996,9179,0061,9634,3561,9076,4249,2756,6439,0341,8941,7344
18/07/2026,Vespertina,14,6414,6293,9013,2000,7790,2748,0219,7260,8118,8412,0599,0091,9280,4028,5966,7516,6261,3132,8862,7134
18/07/2026,Tarde,73,8573,1068,9130,5561,0005,0750,3293,3280,2544,4930,4838,0285,7059,9066,4320,9527,7989,9915,4401,6377
18/07/2026,Nocturna,44,8544,5465,6947,6911,1256,1403,7821,6445,3936,9299,6278,5896,2814,3530,3929,1300,4557,7050,6650,2063
17/07/2026,Vespertina,04,9504,5543,4160,4140,6209,5235,4048,6743,2951,6528,4197,6985,2882,5632,4656,4932,2321,3908,8354,3595
17/07/2026,Tarde,35,4635,7109,2255,7957,2828,5214,6971,2410,6073,1913,4208,3117,9490,8406,0952,2336,3669,1863,5346,8776
17/07/2026,Nocturna,03,1203,4191,8424,4548,9371,3879,1374,7936,4021,8441,8499,2780,4134,9412,1341,3343,6817,8408,7068,0665
16/07/2026,Vespertina,55,5155,4628,1136,3062,5262,5953,6307,0784,8207,6485,3849,8024,4576,0713,8394,4747,4412,4204,6605,1141
16/07/2026,Tarde,90,6590,6109,7794,4843,6259,9851,1414,4839,5513,1606,3074,9094,7742,9032,6757,2388,2502,1632,0558,6542
16/07/2026,Nocturna,79,5579,2946,1450,7277,7506,1808,4477,8558,5669,8593,0133,2681,7058,4860,6565,6994,5317,9268,9334,8330
15/07/2026,Vespertina,72,4272,8732,3667,2045,5737,1968,4964,8480,6745,6958,3133,5893,9939,4441,3447,0406,8797,7874,2749,7260
15/07/2026,Tarde,11,7411,0254,8927,6859,1709,9529,1245,9719,1650,2484,4981,8575,9927,7130,9825,4770,4379,2222,6212,6730
15/07/2026,Nocturna,69,0269,0919,3545,0012,9214,3225,7295,6411,7193,8302,5006,1277,3373,2346,5408,8381,4988,9139,9902,1084
14/07/2026,Vespertina,52,3352,5571,6504,7617,9044,8800,1716,4191,0475,3104,5127,4634,8541,8799,0391,5312,9111,9163,1016,1033
14/07/2026,Tarde,91,0391,9544,8931,5178,2819,7185,4691,0033,1133,4278,2964,0402,0877,5553,7142,5656,9917,6815,4472,2060
14/07/2026,Nocturna,89,6589,4482,7992,7314,4513,1492,5014,4637,1755,7277,6778,5907,9568,7291,0323,5360,7111,9075,8142,1591
13/07/2026,Vespertina,11,0111,2027,3583,3988,1859,5599,1399,4407,6168,7549,5726,5529,1131,3073,7682,7260,3977,3617,8019,2243
13/07/2026,Tarde,07,6307,4093,2180,7037,6950,5417,1514,6356,3625,3115,5143,1249,9097,7577,9443,9734,4999,5126,6854,4106
13/07/2026,Nocturna,84,5684,0553,9279,5738,5066,5028,1316,9950,3878,2547,8212,3562,0501,6676,3036,8906,2965,4059,8396,5270
11/07/2026,Vespertina,28,9228,6426,2659,5720,0290,2591,2477,2943,7502,2900,8110,1543,4926,9730,5412,4178,4701,9614,4592,0873
11/07/2026,Tarde,45,5945,7174,5960,7587,6405,6928,4192,5796,9424,3855,2400,2690,0856,7171,0499,4885,2000,2218,5520,6696
11/07/2026,Nocturna,93,3293,6727,1589,7175,5524,0906,6106,1447,5826,7021,5044,2719,9698,3163,7355,1197,7796,4874,6242,4299
10/07/2026,Vespertina,47,3047,3563,6357,7537,4766,2428,8636,9261,4251,9404,9044,9185,7972,0330,3240,7683,3720,6044,9728,7303
10/07/2026,Tarde,41,0041,6397,7569,2053,0880,6866,6539,0803,0397,7771,2508,0784,1812,7134,7157,9204,8804,2169,7510,1636
10/07/2026,Nocturna,28,7428,8312,0795,2664,9552,5676,0112,0298,4108,7384,2523,8700,0012,7773,4049,0492,4909,5743,5878,4867
08/07/2026,Vespertina,97,2297,5849,4508,8311,7076,3490,8631,9234,1530,4051,4682,1584,3903,4543,5323,9583,2651,1377,4431,9008
08/07/2026,Tarde,94,4994,3477,0048,8872,0684,6540,2285,7900,5595,1084,4052,4086,5161,8976,5115,0800,3812,9057,9467,5133
08/07/2026,Nocturna,77,1877,0455,7359,3023,3092,8464,0839,0187,1091,4844,8659,2715,2272,6256,8003,2573,9908,4328,9623,9498
07/07/2026,Vespertina,99,1899,7883,9774,3916,8503,7104,4637,4622,4930,8574,4905,8470,4188,1241,0847,9722,4137,9255,7797,5899
07/07/2026,Tarde,47,5847,6988,5118,0141,2982,9483,3173,0492,6275,7715,0770,2766,3816,6761,7144,0400,7542,4325,9971,0084
07/07/2026,Nocturna,23,3523,9369,9262,9895,5614,3701,3052,6015,1944,0509,2886,1687,5580,7931,0777,9665,4530,8870,5382,6397
06/07/2026,Vespertina,14,8314,3635,3454,5066,0153,3943,3194,9232,1904,2073,9604,9623,4272,9536,8727,2011,0771,1881,9604,4281
06/07/2026,Tarde,96,7896,7429,7833,3915,1155,5076,4424,1983,2325,7118,9590,3139,7799,7504,4365,4716,5378,3528,0013,1727
06/07/2026,Nocturna,04,1904,3911,1178,0265,9809,1030,7928,2740,9871,2827,8260,5625,5144,6217,1158,7955,6513,9580,7095,3202
04/07/2026,Vespertina,70,3670,7641,4855,6057,3158,7723,9600,2184,5450,8411,0266,1985,5433,2689,1592,7962,8486,3826,1847,2171
04/07/2026,Tarde,78,9278,8145,1294,8499,1773,3589,6923,9710,2358,1544,7904,8517,3621,8492,8315,4040,6245,0084,9611,3277
04/07/2026,Nocturna,25,1525,8791,8008,5207,8207,1509,1818,8736,5653,8063,3452,3970,9525,9705,6247,7713,8554,2099,6783,0635
03/07/2026,Vespertina,46,7046,6639,4778,6297,6574,1453,8294,4602,4762,3513,2786,1008,8573,0582,1082,6033,2936,8494,8311,0881
03/07/2026,Tarde,78,1078,9952,8235,7421,2488,1888,3853,9275,7864,5752,3817,4303,5167,6452,9483,4822,7587,6262,4599,7770
03/07/2026,Nocturna,03,6803,8847,6587,9928,0096,8513,5130,8945,1165,8856,3851,0236,7967,1324,5070,6559,4267,6224,3812,9899
02/07/2026,Vespertina,09,0909,3440,9764,6589,1888,7656,9516,7643,6784,7840,0565,0812,6897,3395,3968,7060,5622,4999,6439,6972
02/07/2026,Tarde,36,5536,8145,3474,8498,3495,9832,4782,7764,3442,8031,3185,1250,8900,1985,6403,0374,1196,8993,0118,2712
02/07/2026,Nocturna,35,2435,2750,0368,4813,2147,7369,2838,2436,3548,3748,2617,5388,3815,5895,7898,9845,3602,3808,0264,8466
01/07/2026,Vespertina,50,9950,1418,9488,2097,6224,3754,1940,3477,9018,3252,6773,6743,1122,7754,4844,4851,7753,7573,6072,8791
01/07/2026,Tarde,37,8837,3044,3119,8264,0138,6226,9799,8554,3834,7679,3546,8915,5808,6619,5741,8538,0540,0473,0520,2061
01/07/2026,Nocturna,71,8171,5692,5198,6099,4046,4118,1799,9100,2579,4424,0199,4756,1237,6844,7247,7179,6403,3145,6238,2205
30/06/2026,Vespertina,74,9074,6409,6658,8452,6135,1405,9369,2813,2740,3853,1329,0400,4114,2025,4476,8577,4842,2251,8896,7976
30/06/2026,Tarde,39,2839,8155,9606,6697,7536,2805,7880,9066,5904,7041,7804,3751,8221,0397,0937,6191,0091,5829,1608,0972
30/06/2026,Nocturna,97,3097,5276,0910,5980,4123,0305,8158,4661,3192,7994,3448,6598,3882,0541,4033,0829,3919,2295,4685,4328
29/06/2026,Vespertina,69,7869,9911,0665,1807,9384,5951,3144,1201,9180,9716,3700,5469,6141,3114,7543,0144,9765,3989,5497,6062
29/06/2026,Tarde,67,0967,4742,9784,0722,0860,7353,2263,6402,3468,1302,7200,2577,8176,7420,1770,5256,6726,0650,5283,4993
29/06/2026,Nocturna,13,8513,6881,1756,7585,8712,2391,7466,6326,7555,5956,0187,2592,0202,9237,4265,1908,1151,6338,3411,4547
27/06/2026,Vespertina,88,6888,5002,9228,2364,7127,1435,1498,6382,3364,6803,7402,5168,9514,7880,5975,2967,9841,4318,6033,6049
27/06/2026,Tarde,91,6091,4953,9037,6726,0695,4649,5536,4720,0923,7210,8337,1500,0410,0869,5939,4314,5612,6268,7709,1457
27/06/2026,Nocturna,42,1542,9208,9682,5464,1945,6653,0797,6085,1846,1668,5367,6640,0816,3071,4358,5572,4478,4148,7440,7833
26/06/2026,Vespertina,38,8238,1980,5080,9712,5990,9972,7755,3670,9280,4313,8231,6789,6220,1720,5734,2469,2105,6593,8180,0719
26/06/2026,Tarde,89,4989,4142,6549,9155,9310,6295,2790,3378,3878,2541,6015,6050,6519,4052,7010,1875,2625,8715,5868,8256
26/06/2026,Nocturna,76,0476,3918,3198,7650,5510,1485,8900,5708,7446,6361,4629,7036,5670,3580,7568,1366,4477,5236,2245,8433
25/06/2026,Tarde,79,1979,3259,4623,3081,3914,9392,5949,8297,7343,1155,3030,9306,6988,6701,0664,6241,7636,8927,9482,5112
25/06/2026,Nocturna,62,0762,1563,5704,4049,6786,9970,6073,9513,8894,3567,5801,1917,9680,9697,4035,8092,5858,5875,8432,8672
24/06/2026,Tarde,96,3996,8004,7735,4352,9171,9794,4509,3973,6931,4988,2872,4922,4844,9088,9368,6152,1926,3792,3522,6398
24/06/2026,Nocturna,02,6802,8516,8364,3056,6604,4360,3226,9832,3782,6236,0600,6716,7847,2639,4545,9138,7395,8341,1154,5574
23/06/2026,Tarde,75,6975,6692,1200,0639,2330,4529,1121,9884,6873,6733,8637,7845,9995,9589,9476,5459,8672,1153,2460,0709
23/06/2026,Nocturna,10,3510,4035,4040,8712,8324,7529,4251,4012,3532,2342,3242,7127,9785,1111,1517,3210,9963,3177,0888,2102
22/06/2026,Tarde,27,4327,9234,5533,9240,9618,8247,3589,3715,2123,2984,9717,0547,2826,9001,7151,3862,3666,5466,2337,1335
22/06/2026,Nocturna,09,5209,0765,0286,4027,0935,1208,7509,7379,8736,6622,1463,9990,5090,6523,7300,2289,9448,7435,3284,8208
19/06/2026,Vespertina,70,6170,9069,9479,8314,7567,2272,7037,5630,3655,1153,8611,9436,5042,1117,9681,8865,9496,5323,2817,5782
19/06/2026,Tarde,70,7370,2054,6424,9596,0089,0007,3284,1071,5457,4083,9145,8979,1884,4464,7208,1482,8186,8670,3365,5411
19/06/2026,Nocturna,89,7789,2249,0681,0403,0798,4081,1390,6389,1815,0120,2324,6585,2628,2677,8229,4029,3598,3320,5076,8579
18/06/2026,Vespertina,66,2566,2253,9492,7563,9327,2152,8712,7103,4739,7172,7414,6259,7208,9994,7151,5725,4671,7239,9096,0387
18/06/2026,Tarde,67,4467,0944,1505,7237,1499,4872,9339,2516,1795,0879,7366,6313,0590,3125,7895,4302,4244,3151,9762,0845
18/06/2026,Nocturna,74,4374,8171,6906,0804,3931,2890,4678,2537,6487,5837,2218,6163,5121,0849,5112,0334,7224,8138,7646,8408
17/06/2026,Vespertina,50,2650,5046,1445,9509,5965,4193,2744,7369,1755,9688,0585,4197,1533,1607,6199,0395,0681,0201,7552,4140
17/06/2026,Tarde,11,5711,1639,6433,2786,9487,9147,7194,0024,9239,0931,7303,6311,7963,8861,5725,5855,8785,7192,4666,1903
17/06/2026,Nocturna,20,5520,7341,1902,6669,7921,7492,9765,8169,3302,2704,8328,6848,4901,9066,0251,4262,5630,5704,3461,2756
16/06/2026,Vespertina,90,3490,4158,4660,1654,9363,1372,9258,4382,2659,8065,8262,4455,4222,1284,3464,1568,7067,0980,5513,1964
16/06/2026,Tarde,75,5275,0031,3047,4603,7133,1410,2857,1337,2488,0363,8015,9091,2120,5261,6738,4456,4724,1866,1572,5755
16/06/2026,Nocturna,93,2893,9993,8132,4025,0119,8969,8282,3442,1567,4884,4126,1363,4883,3074,3975,0083,7849,0492,5017,8673
15/06/2026,Vespertina,74,3474,1775,9869,0926,0527,6873,2744,3278,0824,2963,3673,5927,3589,6527,0569,5217,2727,8108,8462,2305
15/06/2026,Tarde,19,7419,5057,5721,7533,9328,5614,1317,4675,0969,3635,6501,3397,1964,1589,4200,6462,8654,2985,1995,7288
15/06/2026,Nocturna,52,5252,8363,3575,3208,2910,0749,0982,8370,4178,6377,3256,0103,9090,1460,1930,1229,8996,2849,1540,1541
13/06/2026,Vespertina,91,4791,3509,4077,4932,1888,5566,4425,7527,6124,6076,1888,0976,5953,1455,2634,0917,0697,0979,1430,7141
13/06/2026,Tarde,85,2285,3915,0388,3759,0810,4605,0570,7824,0336,7956,0298,4445,6727,2345,9190,6398,1342,9022,8559,6312
13/06/2026,Nocturna,30,3230,1950,9988,1802,1809,8067,6414,9106,7006,1792,1331,4350,6553,2408,4292,8759,5890,9963,1181,2724
12/06/2026,Vespertina,32,9132,2560,6486,3362,3926,8174,3911,5759,8469,2086,5516,9325,8355,9924,8974,2729,1099,8339,7195,9771
12/06/2026,Tarde,47,3447,0596,6349,9916,7845,2469,7427,2793,6593,9957,7253,7436,8406,9786,7198,3392,1777,8048,0188,2868
12/06/2026,Nocturna,48,3648,3129,1229,0579,3963,4452,4829,3451,2517,2067,1859,4276,6616,6977,3357,6712,6122,1567,5913,3154
11/06/2026,Vespertina,63,6863,6920,9941,6715,1627,9681,6659,4853,7977,0922,0438,6500,9853,1239,8154,7633,6968,5148,9993,1002
11/06/2026,Tarde,89,9689,8477,2240,3443,6673,6473,7214,0745,4862,6936,0328,6276,1763,4685,1151,3340,7053,8306,0719,2092
11/06/2026,Nocturna,21,5021,8962,1158,7051,9671,2128,1489,7909,7625,7494,3459,9426,0654,7622,4375,1043,4567,7166,0791,0052
10/06/2026,Vespertina,24,9724,0093,4242,3914,8674,1794,9939,9619,4017,7457,7872,3550,4254,2259,8406,8726,4782,5141,1097,1263
10/06/2026,Tarde,72,5472,0120,6703,1417,4353,8950,0904,0924,6327,1744,9048,8665,0006,6504,6416,3252,7016,5658,1683,7891
10/06/2026,Nocturna,72,2372,9638,9304,8860,0703,9258,2739,0488,6632,4937,0113,6708,7520,2418,1881,2242,3068,0213,9987,6192
09/06/2026,Vespertina,63,0163,3101,7808,5149,9610,4178,6566,0416,5131,7381,3766,8977,8006,0178,4300,7486,6973,6978,1566,4965
09/06/2026,Tarde,24,3924,9637,7186,9035,2688,9044,1137,8830,5985,9283,3017,0240,2966,9535,0286,3146,1533,1432,7819,2618
09/06/2026,Nocturna,34,6434,6409,5286,0839,4287,8641,5311,8615,2987,1815,2506,4362,3083,3282,6880,6532,7944,3185,3558,0944
08/06/2026,Vespertina,99,0599,7430,9857,0199,3465,6920,5482,5075,3041,8984,3862,2970,7200,4248,1558,9964,3826,7020,7952,6652
08/06/2026,Tarde,13,3013,5938,4850,3143,2001,2879,2191,7220,6362,7885,3569,0037,7845,0165,8082,7877,6954,1350,8453,3729
08/06/2026,Nocturna,15,0015,9133,1877,6975,0876,4122,7716,7060,8794,2894,9264,2772,7283,6209,6672,5260,7783,6637,9514,3855
06/06/2026,Vespertina,29,5329,1035,3377,2945,2193,7731,2564,3365,3234,9567,6250,7477,7153,9789,3669,4497,8765,5602,5583,8449
06/06/2026,Tarde,78,4978,2180,6758,2038,9682,1109,7167,6431,2455,8393,0749,0671,2183,2670,9286,8653,1715,2503,4409,1404
06/06/2026,Nocturna,05,6605,6739,5377,6857,1947,3336,4011,1131,0662,4787,4923,8751,4226,6190,4152,6047,3045,2910,3319,1780
05/06/2026,Vespertina,28,6128,9896,9432,3809,3423,4904,3841,6654,9409,6026,3139,6649,7981,5839,7745,2067,1932,7716,8352,1312
05/06/2026,Tarde,22,9622,8006,6375,2508,7227,2365,5276,3684,2628,4194,5659,4185,7404,5395,0690,7589,0714,7264,9449,3109
05/06/2026,Nocturna,69,5969,4379,7323,7079,8864,6473,1811,2566,8408,9483,9041,8569,9534,8301,1304,4026,1521,0119,0483,0659
04/06/2026,Vespertina,00,3300,3745,0023,2264,1622,2915,0191,1179,8747,1989,7759,7005,8290,0244,9069,9597,0429,5937,2591,8706
04/06/2026,Tarde,79,1379,7454,8528,3331,8674,7055,0570,5399,8149,7693,6890,1318,0164,5115,3160,6588,2389,8475,8503,8193
04/06/2026,Nocturna,56,7556,6230,5392,4981,4721,7079,7081,3617,5269,3384,1623,5708,2142,4756,9059,3576,2176,4096,0688,7258
03/06/2026,Vespertina,26,2526,3642,6560,8357,8286,5224,4294,7723,1861,8969,5245,6235,2760,0208,2582,3438,6779,7198,6457,5363
03/06/2026,Tarde,92,9292,9995,3236,0563,0787,4653,5620,8411,5249,9573,7619,3948,7661,2477,5823,8345,3807,6397,5378,3241
03/06/2026,Nocturna,54,4354,8569,4205,2540,0127,4076,2212,4583,3668,5635,8147,7571,3101,4221,5390,7730,5445,4294,8092,3372
02/06/2026,Vespertina,27,9027,5291,8250,3803,3041,5174,3906,4118,9954,5708,6708,2341,5497,9111,8752,0701,9799,5948,6874,8299
02/06/2026,Tarde,02,0502,3815,5047,1269,3087,9829,4096,3631,9497,7407,3856,2428,5990,6937,7899,9101,9834,1779,0547,1895
02/06/2026,Nocturna,72,4272,1259,9741,4545,6430,9089,7775,3920,4082,0398,1612,4955,8615,6428,5768,0616,8489,3521,9703,1646
01/06/2026,Vespertina,72,8972,8638,5259,8498,4541,0411,4242,1738,9507,8314,9155,7022,6741,2348,1796,3782,3693,6308,5989,6966
01/06/2026,Tarde,79,2279,3480,8087,1053,3487,8061,8154,7338,2664,7288,9879,5814,4965,0131,4807,8786,3369,3309,4789,7181
01/06/2026,Nocturna,22,6322,5493,7471,7375,4511,4889,2461,1321,8563,0613,2565,5380,2526,8470,6445,9621,6351,2513,3048,5292
30/05/2026,Vespertina,01,3101,4656,9869,7721,7967,5274,3717,2469,0129,7427,5374,3854,8143,7013,3003,5856,7104,7573,9973,1345
30/05/2026,Tarde,45,2645,2410,9327,5637,6799,7044,3653,5950,6750,4502,5718,5663,5856,5826,6997,4879,0961,1601,3054,1646
30/05/2026,Nocturna,48,4348,2503,1795,2100,9047,0284,1489,5475,9934,5488,6127,1549,2813,5122,4924,3602,6600,0298,6418,2457
29/05/2026,Vespertina,77,7977,8537,9516,9989,6329,0803,3664,8100,3371,3588,4806,3678,0555,1065,5966,1162,2286,4356,3494,9624
29/05/2026,Tarde,86,7886,6256,3968,1539,6822,5590,9167,3999,5547,5908,9123,9813,6774,0709,5944,9271,6157,0946,4226,2718
29/05/2026,Nocturna,61,8861,9453,1471,1039,0909,1779,4400,9786,7968,0318,5008,9556,6057,8499,5539,4395,5821,4699,9590,3155
28/05/2026,Vespertina,84,2984,9227,0493,8712,3335,2047,8508,2184,7493,6021,3099,6585,8525,8278,9867,4988,7536,5425,5238,9874
28/05/2026,Tarde,97,4597,1492,7235,2785,4559,0552,9109,5421,3091,3619,4863,4139,1347,4696,1372,5489,3921,8327,5753,4116
28/05/2026,Nocturna,40,4040,3974,0668,4253,7740,3364,1758,2412,9170,5237,4205,1543,1108,8102,6872,5645,3312,2500,2314,3649
27/05/2026,Vespertina,33,1033,9647,7235,2386,8039,0489,4397,0283,4340,9716,6034,5153,7633,2820,7789,8394,8752,6830,9079,6505
27/05/2026,Tarde,47,9947,4305,0214,7773,3136,2706,0927,0167,2371,9913,9098,7220,9207,4736,7632,7861,8743,2559,9380,2063
27/05/2026,Nocturna,72,3572,6421,0060,0893,9481,1669,1627,8082,9308,8930,0913,3079,5968,4488,6119,3644,0688,5971,8208,0258
26/05/2026,Vespertina,59,7659,9924,4825,8810,7913,5104,3537,7377,6949,0164,0765,6293,6131,0679,5795,4893,8119,4080,9747,8713
26/05/2026,Tarde,87,9387,8068,1418,6889,7262,6487,2993,4756,1040,1295,5199,1457,9656,0262,3585,9618,5814,2189,2634,4753
26/05/2026,Nocturna,27,0927,9044,6590,3593,1747,5116,4006,5382,1301,1711,9478,9091,3445,1427,1808,8788,8380,8366,2691,6916
23/05/2026,Vespertina,94,4494,6863,4646,5868,5504,2345,5367,0997,9302,2779,6345,7135,5115,5990,9485,7444,5661,4002,4788,7831
23/05/2026,Tarde,51,2751,7359,1329,9539,5621,6930,1837,7794,8655,3318,5566,8612,7934,8015,4486,4513,7703,6331,6940,7823
23/05/2026,Nocturna,27,5627,1349,9625,6776,6951,2489,6948,5570,1609,2754,2234,1150,9384,3825,7340,3018,2501,8125,1206,0823
22/05/2026,Vespertina,29,0529,1090,7874,6319,1047,1157,0303,1825,5183,6949,0142,0587,2567,6432,5280,3729,5152,6021,7781,2782
22/05/2026,Tarde,61,3661,0676,4276,6004,6549,6683,9320,0416,7068,4165,5108,2760,5305,9770,0129,2211,8116,6723,0420,2453
22/05/2026,Nocturna,30,3430,5954,1075,8923,9584,4263,0466,4159,7087,6417,1791,2457,3643,9455,3377,6256,4010,1428,3562,0799
21/05/2026,Vespertina,51,2351,4462,7830,9981,5130,0520,2791,7557,4648,4553,2063,2228,1835,1611,7660,8927,1140,9314,3637,8111
21/05/2026,Tarde,49,4649,2264,1272,5284,8416,0315,2746,6768,2562,0987,4512,4021,5611,6202,1782,4156,0618,4847,3244,7438
21/05/2026,Nocturna,48,7548,8806,2375,7774,7961,2848,2198,5739,0473,0237,2909,9522,6846,7499,2000,0625,1070,7699,4967,7733
20/05/2026,Vespertina,93,0693,6863,5646,7033,5924,9626,0997,0825,4396,0930,9763,4966,1495,1237,6629,3674,9365,3881,4492,5190
20/05/2026,Tarde,65,6465,8741,4736,5846,2601,4412,4285,8328,8444,8909,9541,0554,1010,4256,1655,6817,1524,8271,7625,8503
20/05/2026,Nocturna,56,4856,4802,8662,4771,7490,1222,5763,6155,9328,8573,8779,1048,8372,8197,1744,7260,9463,8460,9746,3880
19/05/2026,Vespertina,27,9127,5127,8719,5172,0847,7908,9596,2833,2667,2082,3225,3604,8198,9565,6730,0623,8885,9524,7037,9611
19/05/2026,Tarde,29,6929,2063,1226,8406,1025,2859,7130,5170,0808,6419,0658,7973,4958,9217,3849,7033,8468,5487,5253,4978
19/05/2026,Nocturna,60,3660,8037,2096,2822,8816,0828,0967,6151,0565,5302,0964,6511,7400,2954,1256,8419,3770,3778,4960,2707
18/05/2026,Vespertina,87,4187,7796,8121,4855,2090,1590,9758,1735,4269,9565,7448,4022,4004,4456,3433,5317,7233,0456,2604,6450
18/05/2026,Tarde,15,1915,5276,5835,9319,0655,8294,2140,6636,8133,2690,5088,7719,4109,5792,7524,6826,5381,4041,5898,0101
18/05/2026,Nocturna,58,2458,9152,4716,8610,0345,6922,0812,7665,9075,3834,6125,9188,1149,6149,3945,6463,0157,9975,4200,2937
16/05/2026,Vespertina,43,2543,5324,4143,1377,5940,4555,9780,6240,3111,1855,6254,8515,3942,2348,5972,6422,4554,9769,8054,3763
16/05/2026,Tarde,95,1895,3924,9276,5530,2848,4297,6792,0111,9646,1799,2907,2667,1525,3489,2813,6383,0145,1220,5682,5885
16/05/2026,Nocturna,86,2186,9515,2128,8927,4765,6827,4159,3019,0185,2222,7360,3203,0716,8964,0280,3377,9966,8300,9904,4874
15/05/2026,Vespertina,97,9897,4864,6590,4618,1464,3143,9874,1249,4470,8522,4535,6913,3390,9330,0818,2899,0053,0463,1799,2858
15/05/2026,Tarde,07,6807,3850,8019,3472,2388,7028,2491,9995,0698,2791,1135,5011,6657,4531,8227,6736,1269,2583,0482,8386
15/05/2026,Nocturna,64,4164,9918,6796,7923,0025,5009,0654,1123,8808,2829,1537,6094,6567,2421,0877,2886,5175,3900,4578,9750
14/05/2026,Vespertina,76,6676,7730,3693,6014,5779,4537,8698,6663,9044,1055,6876,3591,7782,6893,8183,9282,7603,7135,0567,1246
14/05/2026,Tarde,81,5481,1524,6229,4228,4843,1715,0910,5216,2068,9551,1622,5303,3267,2592,3834,2207,0287,1474,0388,5117
14/05/2026,Nocturna,72,2972,9697,5431,4432,6882,7793,3841,2374,4296,6387,3164,9359,2215,7194,9519,4954,7719,1836,2835,1339
13/05/2026,Vespertina,22,6322,1779,3988,6348,4815,5872,8203,9141,1220,6247,0396,1668,9637,6750,9893,5331,8573,6555,9151,7460
13/05/2026,Tarde,77,3277,3953,5834,0274,8539,3536,6444,0815,1365,4749,9405,3103,2596,8416,1195,7645,8587,4467,7657,6766
13/05/2026,Nocturna,87,2687,4455,3442,0737,2794,5584,7983,9548,6676,9209,3691,0262,0542,2054,1820,0852,8810,4314,7921,7025
12/05/2026,Vespertina,95,2895,5992,0666,5693,9377,3578,9199,9648,3812,2552,4475,7261,4465,5079,1212,9946,4275,8485,9738,8784
12/05/2026,Tarde,67,8067,5926,5448,7295,8345,5662,1293,4484,9586,2477,1987,5390,2088,3666,5614,1816,1061,9122,4081,5969
12/05/2026,Nocturna,45,5845,0965,8717,6111,8048,2186,9558,3830,4346,8951,0895,1276,5088,5406,7511,2567,8676,5205,2155,5418
11/05/2026,Vespertina,05,8205,2959,9129,4161,2290,5723,1085,1770,4363,4217,7221,3837,8224,8387,1898,3707,8773,1760,9387,1288
11/05/2026,Tarde,18,6118,6291,9149,4071,0075,4202,2385,3255,1292,3875,9060,6597,0579,6752,0344,1003,0680,2356,9137,5116
11/05/2026,Nocturna,31,7431,4804,9166,9748,3927,9785,8816,2468,7351,9480,1260,8580,6455,3872,5038,7389,4480,3299,6173,3031
09/05/2026,Vespertina,80,7680,2789,0358,0288,2857,5838,7217,0086,9496,3513,7119,0236,8209,3038,7398,8495,5698,3432,4620,5473
09/05/2026,Tarde,10,4910,1109,8449,7317,7038,9642,6371,1522,5258,7149,6867,0602,0459,9405,0047,1864,9548,0654,5444,2883
09/05/2026,Nocturna,34,3834,6693,4231,6627,7186,4686,7233,8133,2684,5770,6809,6521,9868,9988,9283,7741,2849,0043,3899,7728
08/05/2026,Vespertina,41,7341,4003,9563,3217,0573,1252,6509,7857,5275,9747,9049,2417,0841,2637,6014,3075,7104,6363,5596,5344
08/05/2026,Tarde,71,4271,9763,9744,8517,9673,2147,9264,6944,1663,9672,8458,6072,9423,1495,2125,7222,4536,7505,3141,6057
08/05/2026,Nocturna,91,6591,1638,4952,8222,5814,2750,5881,7007,8944,2433,6229,5484,3724,5178,7657,0012,6024,9867,4551,6478
07/05/2026,Vespertina,39,3939,8071,2762,1011,4813,8599,5634,6453,6228,2067,3311,6693,9045,4329,8932,0646,7218,1484,3790,6677
07/05/2026,Tarde,43,6243,7195,7183,6125,4077,3925,0177,8595,3180,9089,6616,0503,9534,1347,3634,5336,5787,1252,8770,9154
07/05/2026,Nocturna,77,9977,8135,0830,3069,0163,2584,1692,2994,4992,9161,8008,8646,4727,0049,9031,0113,3115,0882,1448,2519
06/05/2026,Vespertina,50,6450,0601,3451,6304,4570,1718,8000,4748,8499,8206,2304,8633,7405,9305,4679,5728,6937,0911,6538,6841
06/05/2026,Tarde,11,4511,6593,2356,4713,9499,8502,0635,0178,9544,4607,3091,3390,9000,2876,0703,7499,4544,2878,9461,4585
06/05/2026,Nocturna,04,6804,8534,3374,6173,7370,4576,3879,3411,8261,3845,1985,0021,0166,0493,3886,6324,2728,7551,6766,6737
05/05/2026,Vespertina,59,4259,9702,3971,8599,0254,8017,7907,9237,0418,8048,7813,4430,0107,0883,3514,7721,0479,8307,9842,1969
05/05/2026,Tarde,01,0701,0313,1263,1565,3735,9803,1808,7366,8264,9572,3443,6600,1720,5414,4824,3096,0355,6061,0939,5626
05/05/2026,Nocturna,78,0078,4182,1844,2111,2032,9150,6752,6782,6833,5096,4646,4577,1374,3887,7937,5764,1381,4196,6798,5967
04/05/2026,Vespertina,08,4008,1273,4477,8709,4369,9015,2443,6049,9521,7793,5293,0149,8274,7601,0442,2269,2462,8477,2092,1150
04/05/2026,Tarde,88,4988,9493,5956,9914,0553,8552,3617,7376,5223,7040,4905,5590,1337,4639,1344,8090,1397,2552,1655,0833
04/05/2026,Nocturna,64,1964,4143,3386,7475,0039,8012,4945,4852,5487,1576,3060,0551,2028,7948,1834,4265,5618,3875,4288,2649
02/05/2026,Vespertina,94,0894,3173,8184,4504,1966,4860,9818,9570,8633,1069,7229,1290,6460,1344,1210,2051,5149,3170,7046,6287
02/05/2026,Tarde,62,7962,7604,4965,8521,7533,7623,8533,3813,7592,2147,8083,9440,3492,5724,5115,7794,4439,3529,8375,9058
02/05/2026,Nocturna,95,2195,2806,8335,7449,4873,1936,9654,2107,6413,5639,3359,1251,8548,9661,6678,6709,5073,5598,0785,5379
30/04/2026,Vespertina,80,9480,9480,7575,9118,4588,8330,5179,2676,5172,0808,1635,0636,3281,1664,2278,4829,0039,1147,1480,3009
30/04/2026,Tarde,94,9594,3593,6647,4171,0264,3886,8875,2168,8039,6473,4958,5719,0924,2949,6233,7526,1173,9483,1892,7944
30/04/2026,Nocturna,37,6737,1069,4805,5442,7783,8384,5805,9920,2133,5342,8876,7089,0877,7853,1579,6437,1646,9628,0359,5971
29/04/2026,Vespertina,65,3365,2322,1815,0959,9601,8188,9721,0136,6455,3085,6470,4876,7340,5045,7167,6513,0786,1897,2643,7896
29/04/2026,Tarde,53,6453,6104,5579,8847,2071,3847,3025,6717,7069,5239,9245,2647,4234,8916,1889,1889,6806,8002,5155,1832
29/04/2026,Nocturna,01,4701,4052,7574,5369,1273,7701,4126,3034,3639,5308,6311,9552,7495,6830,2627,8945,3953,5265,7466,5071
28/04/2026,Vespertina,69,2769,8383,0938,6241,0206,6949,6886,5957,7291,0311,8517,1979,2685,1749,3212,1835,8798,9672,6670,3597
28/04/2026,Nocturna,47,6247,9667,3349,0785,4912,2801,2426,1245,5727,8019,5042,9966,7531,6926,8767,8588,0580,9038,7312,1677
23/04/2026,Nocturna,44,5644,4156,6830,7390,7633,2231,4262,8325,1583,4001,0434,4352,5273,6819,4945,9499,1765,9371,7034,5713
22/04/2026,Nocturna,55,9755,5348,0803,8761,4838,3631,8556,6179,3937,5428,6943,7465,9864,1503,4965,0928,0174,4787,9426,3458
21/04/2026,Vespertina,79,3379,0652,9794,3207,8383,1155,3313,4776,3336,6047,1092,0289,0167,0383,0518,1453,2037,8513,8376,0984
21/04/2026,Nocturna,83,8983,6925,6116,9985,0873,4876,1656,6575,7342,0887,6076,0523,8647,7247,5645,5295,8172,6412,7417,1001
18/04/2026,Nocturna,40,9540,7257,3988,7685,5374,1005,0804,2184,0418,1559,8646,0764,4874,6620,7555,3832,0607,6226,9486,7388
09/04/2026,Vespertina,07,0807,8394,1997,5075,2369,2281,9280,1248,2799,2440,3052,8162,9528,1788,8894,3436,6020,2469,0861,3460
01/04/2026,Vespertina,94,8794,4936,5416,2683,8801,7753,1843,5084,8546,9191,7188,4750,0502,0444,6916,2497,7735,4777,0084,9412
31/03/2026,Tarde,71,1071,5464,7575,5541,2731,9489,6688,7047,8331,6811,1821,8252,3182,3428,7918,1503,3947,1371,0301,6208
30/03/2026,Vespertina,20,2820,1286,7365,0601,2363,0140,0394,8606,4307,8249,3557,1275,7693,4630,0880,1066,2229,3770,9051,0362
27/03/2026,Vespertina,03,6003,2482,9074,8722,1189,4738,8169,8037,8142,9778,0138,3659,5806,7444,9409,3702,6408,6288,3706,9783
26/03/2026,Tarde,16,2116,7972,9914,8836,1084,8326,8825,7156,5429,8107,2985,7704,3137,7771,4834,2712,9126,4095,5742,4513
